<annotation>
	<folder></folder>
	<filename>16253_jpg.rf.6de290f0a044ce8c8aaf02bcf71dbe9c.jpg</filename>
	<path>16253_jpg.rf.6de290f0a044ce8c8aaf02bcf71dbe9c.jpg</path>
	<source>
		<database>roboflow.ai</database>
	</source>
	<size>
		<width>640</width>
		<height>480</height>
		<depth>3</depth>
	</size>
	<segmented>0</segmented>
	<object>
		<name>pedestrian</name>
		<pose>Unspecified</pose>
		<truncated>0</truncated>
		<difficult>0</difficult>
		<occluded>0</occluded>
		<bndbox>
			<xmin>367</xmin>
			<xmax>391</xmax>
			<ymin>249</ymin>
			<ymax>324</ymax>
		</bndbox>
	</object>
	<object>
		<name>pedestrian</name>
		<pose>Unspecified</pose>
		<truncated>0</truncated>
		<difficult>0</difficult>
		<occluded>0</occluded>
		<bndbox>
			<xmin>408</xmin>
			<xmax>447</xmax>
			<ymin>246</ymin>
			<ymax>365</ymax>
		</bndbox>
	</object>
	<object>
		<name>pedestrian</name>
		<pose>Unspecified</pose>
		<truncated>0</truncated>
		<difficult>0</difficult>
		<occluded>0</occluded>
		<bndbox>
			<xmin>374</xmin>
			<xmax>417</xmax>
			<ymin>227</ymin>
			<ymax>363</ymax>
		</bndbox>
	</object>
	<object>
		<name>pedestrian</name>
		<pose>Unspecified</pose>
		<truncated>0</truncated>
		<difficult>0</difficult>
		<occluded>0</occluded>
		<bndbox>
			<xmin>329</xmin>
			<xmax>373</xmax>
			<ymin>231</ymin>
			<ymax>356</ymax>
		</bndbox>
	</object>
</annotation>
