<annotation>
	<folder></folder>
	<filename>7466_jpg.rf.1c8bc8d086fde7ff64a2eb885dd49471.jpg</filename>
	<path>7466_jpg.rf.1c8bc8d086fde7ff64a2eb885dd49471.jpg</path>
	<source>
		<database>roboflow.ai</database>
	</source>
	<size>
		<width>640</width>
		<height>480</height>
		<depth>3</depth>
	</size>
	<segmented>0</segmented>
	<object>
		<name>pedestrian</name>
		<pose>Unspecified</pose>
		<truncated>0</truncated>
		<difficult>0</difficult>
		<occluded>0</occluded>
		<bndbox>
			<xmin>505</xmin>
			<xmax>552</xmax>
			<ymin>195</ymin>
			<ymax>333</ymax>
		</bndbox>
	</object>
	<object>
		<name>pedestrian</name>
		<pose>Unspecified</pose>
		<truncated>0</truncated>
		<difficult>0</difficult>
		<occluded>0</occluded>
		<bndbox>
			<xmin>407</xmin>
			<xmax>476</xmax>
			<ymin>190</ymin>
			<ymax>335</ymax>
		</bndbox>
	</object>
	<object>
		<name>pedestrian</name>
		<pose>Unspecified</pose>
		<truncated>0</truncated>
		<difficult>0</difficult>
		<occluded>0</occluded>
		<bndbox>
			<xmin>164</xmin>
			<xmax>251</xmax>
			<ymin>173</ymin>
			<ymax>338</ymax>
		</bndbox>
	</object>
	<object>
		<name>pedestrian</name>
		<pose>Unspecified</pose>
		<truncated>0</truncated>
		<difficult>0</difficult>
		<occluded>0</occluded>
		<bndbox>
			<xmin>111</xmin>
			<xmax>180</xmax>
			<ymin>183</ymin>
			<ymax>311</ymax>
		</bndbox>
	</object>
</annotation>
