<annotation>
	<folder></folder>
	<filename>8763_jpg.rf.a7115349088e4333be30462cbaebba9f.jpg</filename>
	<path>8763_jpg.rf.a7115349088e4333be30462cbaebba9f.jpg</path>
	<source>
		<database>roboflow.ai</database>
	</source>
	<size>
		<width>640</width>
		<height>480</height>
		<depth>3</depth>
	</size>
	<segmented>0</segmented>
	<object>
		<name>pedestrian</name>
		<pose>Unspecified</pose>
		<truncated>0</truncated>
		<difficult>0</difficult>
		<occluded>0</occluded>
		<bndbox>
			<xmin>520</xmin>
			<xmax>541</xmax>
			<ymin>209</ymin>
			<ymax>273</ymax>
		</bndbox>
	</object>
	<object>
		<name>pedestrian</name>
		<pose>Unspecified</pose>
		<truncated>0</truncated>
		<difficult>0</difficult>
		<occluded>0</occluded>
		<bndbox>
			<xmin>554</xmin>
			<xmax>578</xmax>
			<ymin>214</ymin>
			<ymax>275</ymax>
		</bndbox>
	</object>
</annotation>
