<annotation>
	<folder></folder>
	<filename>11318_jpg.rf.70eea930c94ffdc3878a9fee09b59153.jpg</filename>
	<path>11318_jpg.rf.70eea930c94ffdc3878a9fee09b59153.jpg</path>
	<source>
		<database>roboflow.ai</database>
	</source>
	<size>
		<width>640</width>
		<height>480</height>
		<depth>3</depth>
	</size>
	<segmented>0</segmented>
	<object>
		<name>pedestrian</name>
		<pose>Unspecified</pose>
		<truncated>0</truncated>
		<difficult>0</difficult>
		<occluded>0</occluded>
		<bndbox>
			<xmin>345</xmin>
			<xmax>373</xmax>
			<ymin>244</ymin>
			<ymax>318</ymax>
		</bndbox>
	</object>
	<object>
		<name>pedestrian</name>
		<pose>Unspecified</pose>
		<truncated>0</truncated>
		<difficult>0</difficult>
		<occluded>0</occluded>
		<bndbox>
			<xmin>382</xmin>
			<xmax>409</xmax>
			<ymin>240</ymin>
			<ymax>321</ymax>
		</bndbox>
	</object>
	<object>
		<name>pedestrian</name>
		<pose>Unspecified</pose>
		<truncated>0</truncated>
		<difficult>0</difficult>
		<occluded>0</occluded>
		<bndbox>
			<xmin>269</xmin>
			<xmax>441</xmax>
			<ymin>348</ymin>
			<ymax>481</ymax>
		</bndbox>
	</object>
</annotation>
