<annotation>
	<folder></folder>
	<filename>7474_jpg.rf.c4c5030190caea2fa20360ffc941a451.jpg</filename>
	<path>7474_jpg.rf.c4c5030190caea2fa20360ffc941a451.jpg</path>
	<source>
		<database>roboflow.ai</database>
	</source>
	<size>
		<width>640</width>
		<height>480</height>
		<depth>3</depth>
	</size>
	<segmented>0</segmented>
	<object>
		<name>pedestrian</name>
		<pose>Unspecified</pose>
		<truncated>0</truncated>
		<difficult>0</difficult>
		<occluded>0</occluded>
		<bndbox>
			<xmin>340</xmin>
			<xmax>361</xmax>
			<ymin>198</ymin>
			<ymax>257</ymax>
		</bndbox>
	</object>
	<object>
		<name>pedestrian</name>
		<pose>Unspecified</pose>
		<truncated>0</truncated>
		<difficult>0</difficult>
		<occluded>0</occluded>
		<bndbox>
			<xmin>456</xmin>
			<xmax>507</xmax>
			<ymin>191</ymin>
			<ymax>344</ymax>
		</bndbox>
	</object>
	<object>
		<name>pedestrian</name>
		<pose>Unspecified</pose>
		<truncated>0</truncated>
		<difficult>0</difficult>
		<occluded>0</occluded>
		<bndbox>
			<xmin>358</xmin>
			<xmax>432</xmax>
			<ymin>168</ymin>
			<ymax>404</ymax>
		</bndbox>
	</object>
</annotation>
