<annotation>
	<folder></folder>
	<filename>5303_jpg.rf.8a11aa8b920b1c68a0d8aaa05948bc5c.jpg</filename>
	<path>5303_jpg.rf.8a11aa8b920b1c68a0d8aaa05948bc5c.jpg</path>
	<source>
		<database>roboflow.ai</database>
	</source>
	<size>
		<width>640</width>
		<height>480</height>
		<depth>3</depth>
	</size>
	<segmented>0</segmented>
	<object>
		<name>pedestrian</name>
		<pose>Unspecified</pose>
		<truncated>0</truncated>
		<difficult>0</difficult>
		<occluded>0</occluded>
		<bndbox>
			<xmin>329</xmin>
			<xmax>338</xmax>
			<ymin>247</ymin>
			<ymax>270</ymax>
		</bndbox>
	</object>
	<object>
		<name>pedestrian</name>
		<pose>Unspecified</pose>
		<truncated>0</truncated>
		<difficult>0</difficult>
		<occluded>0</occluded>
		<bndbox>
			<xmin>344</xmin>
			<xmax>353</xmax>
			<ymin>248</ymin>
			<ymax>273</ymax>
		</bndbox>
	</object>
</annotation>
