<annotation>
	<folder></folder>
	<filename>5336_jpg.rf.04bbc67fc99a3d946a40604809ba8bb9.jpg</filename>
	<path>5336_jpg.rf.04bbc67fc99a3d946a40604809ba8bb9.jpg</path>
	<source>
		<database>roboflow.ai</database>
	</source>
	<size>
		<width>640</width>
		<height>480</height>
		<depth>3</depth>
	</size>
	<segmented>0</segmented>
	<object>
		<name>pedestrian</name>
		<pose>Unspecified</pose>
		<truncated>0</truncated>
		<difficult>0</difficult>
		<occluded>0</occluded>
		<bndbox>
			<xmin>331</xmin>
			<xmax>341</xmax>
			<ymin>269</ymin>
			<ymax>291</ymax>
		</bndbox>
	</object>
	<object>
		<name>pedestrian</name>
		<pose>Unspecified</pose>
		<truncated>0</truncated>
		<difficult>0</difficult>
		<occluded>0</occluded>
		<bndbox>
			<xmin>342</xmin>
			<xmax>351</xmax>
			<ymin>270</ymin>
			<ymax>293</ymax>
		</bndbox>
	</object>
</annotation>
