<annotation>
	<folder></folder>
	<filename>5339_jpg.rf.781d1532b0a2b781b992e3ed6c830826.jpg</filename>
	<path>5339_jpg.rf.781d1532b0a2b781b992e3ed6c830826.jpg</path>
	<source>
		<database>roboflow.ai</database>
	</source>
	<size>
		<width>640</width>
		<height>480</height>
		<depth>3</depth>
	</size>
	<segmented>0</segmented>
	<object>
		<name>pedestrian</name>
		<pose>Unspecified</pose>
		<truncated>0</truncated>
		<difficult>0</difficult>
		<occluded>0</occluded>
		<bndbox>
			<xmin>296</xmin>
			<xmax>305</xmax>
			<ymin>259</ymin>
			<ymax>285</ymax>
		</bndbox>
	</object>
	<object>
		<name>pedestrian</name>
		<pose>Unspecified</pose>
		<truncated>0</truncated>
		<difficult>0</difficult>
		<occluded>0</occluded>
		<bndbox>
			<xmin>305</xmin>
			<xmax>313</xmax>
			<ymin>260</ymin>
			<ymax>284</ymax>
		</bndbox>
	</object>
</annotation>
