<annotation>
	<folder></folder>
	<filename>1024_jpg.rf.b19ff9d0171587ac1561b74f087c96ed.jpg</filename>
	<path>1024_jpg.rf.b19ff9d0171587ac1561b74f087c96ed.jpg</path>
	<source>
		<database>roboflow.ai</database>
	</source>
	<size>
		<width>640</width>
		<height>480</height>
		<depth>3</depth>
	</size>
	<segmented>0</segmented>
	<object>
		<name>pedestrian</name>
		<pose>Unspecified</pose>
		<truncated>0</truncated>
		<difficult>0</difficult>
		<occluded>0</occluded>
		<bndbox>
			<xmin>322</xmin>
			<xmax>337</xmax>
			<ymin>254</ymin>
			<ymax>307</ymax>
		</bndbox>
	</object>
	<object>
		<name>pedestrian</name>
		<pose>Unspecified</pose>
		<truncated>0</truncated>
		<difficult>0</difficult>
		<occluded>0</occluded>
		<bndbox>
			<xmin>259</xmin>
			<xmax>281</xmax>
			<ymin>252</ymin>
			<ymax>308</ymax>
		</bndbox>
	</object>
</annotation>
