<annotation>
	<folder></folder>
	<filename>1229_jpg.rf.ef47042184d3d85de1d09b78f6d59287.jpg</filename>
	<path>1229_jpg.rf.ef47042184d3d85de1d09b78f6d59287.jpg</path>
	<source>
		<database>roboflow.ai</database>
	</source>
	<size>
		<width>640</width>
		<height>480</height>
		<depth>3</depth>
	</size>
	<segmented>0</segmented>
	<object>
		<name>pedestrian</name>
		<pose>Unspecified</pose>
		<truncated>0</truncated>
		<difficult>0</difficult>
		<occluded>0</occluded>
		<bndbox>
			<xmin>298</xmin>
			<xmax>310</xmax>
			<ymin>263</ymin>
			<ymax>296</ymax>
		</bndbox>
	</object>
	<object>
		<name>pedestrian</name>
		<pose>Unspecified</pose>
		<truncated>0</truncated>
		<difficult>0</difficult>
		<occluded>0</occluded>
		<bndbox>
			<xmin>297</xmin>
			<xmax>309</xmax>
			<ymin>264</ymin>
			<ymax>295</ymax>
		</bndbox>
	</object>
</annotation>
