<annotation>
	<folder></folder>
	<filename>1234_jpg.rf.05dce3d6bbb671711f74b341ccc5506e.jpg</filename>
	<path>1234_jpg.rf.05dce3d6bbb671711f74b341ccc5506e.jpg</path>
	<source>
		<database>roboflow.ai</database>
	</source>
	<size>
		<width>640</width>
		<height>480</height>
		<depth>3</depth>
	</size>
	<segmented>0</segmented>
	<object>
		<name>pedestrian</name>
		<pose>Unspecified</pose>
		<truncated>0</truncated>
		<difficult>0</difficult>
		<occluded>0</occluded>
		<bndbox>
			<xmin>347</xmin>
			<xmax>359</xmax>
			<ymin>266</ymin>
			<ymax>299</ymax>
		</bndbox>
	</object>
	<object>
		<name>pedestrian</name>
		<pose>Unspecified</pose>
		<truncated>0</truncated>
		<difficult>0</difficult>
		<occluded>0</occluded>
		<bndbox>
			<xmin>345</xmin>
			<xmax>357</xmax>
			<ymin>266</ymin>
			<ymax>298</ymax>
		</bndbox>
	</object>
</annotation>
