<annotation>
	<folder></folder>
	<filename>1088_jpg.rf.391b7e6ac20609a7bb2f16f5239dd815.jpg</filename>
	<path>1088_jpg.rf.391b7e6ac20609a7bb2f16f5239dd815.jpg</path>
	<source>
		<database>roboflow.ai</database>
	</source>
	<size>
		<width>640</width>
		<height>480</height>
		<depth>3</depth>
	</size>
	<segmented>0</segmented>
	<object>
		<name>pedestrian</name>
		<pose>Unspecified</pose>
		<truncated>0</truncated>
		<difficult>0</difficult>
		<occluded>0</occluded>
		<bndbox>
			<xmin>291</xmin>
			<xmax>344</xmax>
			<ymin>230</ymin>
			<ymax>407</ymax>
		</bndbox>
	</object>
	<object>
		<name>pedestrian</name>
		<pose>Unspecified</pose>
		<truncated>0</truncated>
		<difficult>0</difficult>
		<occluded>0</occluded>
		<bndbox>
			<xmin>478</xmin>
			<xmax>535</xmax>
			<ymin>233</ymin>
			<ymax>403</ymax>
		</bndbox>
	</object>
</annotation>
