<annotation>
	<folder></folder>
	<filename>7440_jpg.rf.ae9a3f97e81ef62f08f4d941ff22893f.jpg</filename>
	<path>7440_jpg.rf.ae9a3f97e81ef62f08f4d941ff22893f.jpg</path>
	<source>
		<database>roboflow.ai</database>
	</source>
	<size>
		<width>640</width>
		<height>480</height>
		<depth>3</depth>
	</size>
	<segmented>0</segmented>
	<object>
		<name>pedestrian</name>
		<pose>Unspecified</pose>
		<truncated>0</truncated>
		<difficult>0</difficult>
		<occluded>0</occluded>
		<bndbox>
			<xmin>529</xmin>
			<xmax>566</xmax>
			<ymin>209</ymin>
			<ymax>289</ymax>
		</bndbox>
	</object>
	<object>
		<name>pedestrian</name>
		<pose>Unspecified</pose>
		<truncated>0</truncated>
		<difficult>0</difficult>
		<occluded>0</occluded>
		<bndbox>
			<xmin>351</xmin>
			<xmax>400</xmax>
			<ymin>201</ymin>
			<ymax>319</ymax>
		</bndbox>
	</object>
	<object>
		<name>pedestrian</name>
		<pose>Unspecified</pose>
		<truncated>0</truncated>
		<difficult>0</difficult>
		<occluded>0</occluded>
		<bndbox>
			<xmin>501</xmin>
			<xmax>535</xmax>
			<ymin>213</ymin>
			<ymax>288</ymax>
		</bndbox>
	</object>
</annotation>
