<annotation>
	<folder></folder>
	<filename>15584_jpg.rf.436b6cc8c3e1fac8ac5240f4f2b356aa.jpg</filename>
	<path>15584_jpg.rf.436b6cc8c3e1fac8ac5240f4f2b356aa.jpg</path>
	<source>
		<database>roboflow.ai</database>
	</source>
	<size>
		<width>640</width>
		<height>480</height>
		<depth>3</depth>
	</size>
	<segmented>0</segmented>
	<object>
		<name>pedestrian</name>
		<pose>Unspecified</pose>
		<truncated>0</truncated>
		<difficult>0</difficult>
		<occluded>0</occluded>
		<bndbox>
			<xmin>338</xmin>
			<xmax>372</xmax>
			<ymin>227</ymin>
			<ymax>314</ymax>
		</bndbox>
	</object>
	<object>
		<name>pedestrian</name>
		<pose>Unspecified</pose>
		<truncated>0</truncated>
		<difficult>0</difficult>
		<occluded>0</occluded>
		<bndbox>
			<xmin>539</xmin>
			<xmax>573</xmax>
			<ymin>235</ymin>
			<ymax>346</ymax>
		</bndbox>
	</object>
</annotation>
