<annotation>
	<folder></folder>
	<filename>13957_jpg.rf.417cce8048e9376b40a94db5fd18afe1.jpg</filename>
	<path>13957_jpg.rf.417cce8048e9376b40a94db5fd18afe1.jpg</path>
	<source>
		<database>roboflow.ai</database>
	</source>
	<size>
		<width>640</width>
		<height>480</height>
		<depth>3</depth>
	</size>
	<segmented>0</segmented>
	<object>
		<name>pedestrian</name>
		<pose>Unspecified</pose>
		<truncated>0</truncated>
		<difficult>0</difficult>
		<occluded>0</occluded>
		<bndbox>
			<xmin>381</xmin>
			<xmax>393</xmax>
			<ymin>220</ymin>
			<ymax>255</ymax>
		</bndbox>
	</object>
	<object>
		<name>pedestrian</name>
		<pose>Unspecified</pose>
		<truncated>0</truncated>
		<difficult>0</difficult>
		<occluded>0</occluded>
		<bndbox>
			<xmin>368</xmin>
			<xmax>378</xmax>
			<ymin>220</ymin>
			<ymax>254</ymax>
		</bndbox>
	</object>
</annotation>
