<annotation>
	<folder></folder>
	<filename>1038_jpg.rf.82159b9ec818445cce90f94baf2205f3.jpg</filename>
	<path>1038_jpg.rf.82159b9ec818445cce90f94baf2205f3.jpg</path>
	<source>
		<database>roboflow.ai</database>
	</source>
	<size>
		<width>640</width>
		<height>480</height>
		<depth>3</depth>
	</size>
	<segmented>0</segmented>
	<object>
		<name>pedestrian</name>
		<pose>Unspecified</pose>
		<truncated>0</truncated>
		<difficult>0</difficult>
		<occluded>0</occluded>
		<bndbox>
			<xmin>302</xmin>
			<xmax>320</xmax>
			<ymin>281</ymin>
			<ymax>346</ymax>
		</bndbox>
	</object>
	<object>
		<name>pedestrian</name>
		<pose>Unspecified</pose>
		<truncated>0</truncated>
		<difficult>0</difficult>
		<occluded>0</occluded>
		<bndbox>
			<xmin>377</xmin>
			<xmax>394</xmax>
			<ymin>285</ymin>
			<ymax>349</ymax>
		</bndbox>
	</object>
</annotation>
