<annotation>
	<folder></folder>
	<filename>11297_jpg.rf.002c9425acba3b4a9dca132e41ab8d21.jpg</filename>
	<path>11297_jpg.rf.002c9425acba3b4a9dca132e41ab8d21.jpg</path>
	<source>
		<database>roboflow.ai</database>
	</source>
	<size>
		<width>640</width>
		<height>480</height>
		<depth>3</depth>
	</size>
	<segmented>0</segmented>
	<object>
		<name>pedestrian</name>
		<pose>Unspecified</pose>
		<truncated>0</truncated>
		<difficult>0</difficult>
		<occluded>0</occluded>
		<bndbox>
			<xmin>379</xmin>
			<xmax>395</xmax>
			<ymin>223</ymin>
			<ymax>266</ymax>
		</bndbox>
	</object>
	<object>
		<name>pedestrian</name>
		<pose>Unspecified</pose>
		<truncated>0</truncated>
		<difficult>0</difficult>
		<occluded>0</occluded>
		<bndbox>
			<xmin>396</xmin>
			<xmax>413</xmax>
			<ymin>220</ymin>
			<ymax>267</ymax>
		</bndbox>
	</object>
</annotation>
