<annotation>
	<folder></folder>
	<filename>7450_jpg.rf.93ad201bafd26e6b53ce3b615f7263b9.jpg</filename>
	<path>7450_jpg.rf.93ad201bafd26e6b53ce3b615f7263b9.jpg</path>
	<source>
		<database>roboflow.ai</database>
	</source>
	<size>
		<width>640</width>
		<height>480</height>
		<depth>3</depth>
	</size>
	<segmented>0</segmented>
	<object>
		<name>pedestrian</name>
		<pose>Unspecified</pose>
		<truncated>0</truncated>
		<difficult>0</difficult>
		<occluded>0</occluded>
		<bndbox>
			<xmin>376</xmin>
			<xmax>416</xmax>
			<ymin>211</ymin>
			<ymax>295</ymax>
		</bndbox>
	</object>
	<object>
		<name>pedestrian</name>
		<pose>Unspecified</pose>
		<truncated>0</truncated>
		<difficult>0</difficult>
		<occluded>0</occluded>
		<bndbox>
			<xmin>405</xmin>
			<xmax>459</xmax>
			<ymin>199</ymin>
			<ymax>330</ymax>
		</bndbox>
	</object>
</annotation>
