<annotation>
	<folder></folder>
	<filename>15679_jpg.rf.a3fba5cbbbe121aebfce35f4c2de0f45.jpg</filename>
	<path>15679_jpg.rf.a3fba5cbbbe121aebfce35f4c2de0f45.jpg</path>
	<source>
		<database>roboflow.ai</database>
	</source>
	<size>
		<width>640</width>
		<height>480</height>
		<depth>3</depth>
	</size>
	<segmented>0</segmented>
	<object>
		<name>pedestrian</name>
		<pose>Unspecified</pose>
		<truncated>0</truncated>
		<difficult>0</difficult>
		<occluded>0</occluded>
		<bndbox>
			<xmin>430</xmin>
			<xmax>464</xmax>
			<ymin>208</ymin>
			<ymax>311</ymax>
		</bndbox>
	</object>
	<object>
		<name>pedestrian</name>
		<pose>Unspecified</pose>
		<truncated>0</truncated>
		<difficult>0</difficult>
		<occluded>0</occluded>
		<bndbox>
			<xmin>489</xmin>
			<xmax>521</xmax>
			<ymin>218</ymin>
			<ymax>313</ymax>
		</bndbox>
	</object>
	<object>
		<name>pedestrian</name>
		<pose>Unspecified</pose>
		<truncated>0</truncated>
		<difficult>0</difficult>
		<occluded>0</occluded>
		<bndbox>
			<xmin>402</xmin>
			<xmax>432</xmax>
			<ymin>214</ymin>
			<ymax>312</ymax>
		</bndbox>
	</object>
</annotation>
