<annotation>
	<folder></folder>
	<filename>8791_jpg.rf.5bbaa48d946361256c5b750b4df78d52.jpg</filename>
	<path>8791_jpg.rf.5bbaa48d946361256c5b750b4df78d52.jpg</path>
	<source>
		<database>roboflow.ai</database>
	</source>
	<size>
		<width>640</width>
		<height>480</height>
		<depth>3</depth>
	</size>
	<segmented>0</segmented>
	<object>
		<name>pedestrian</name>
		<pose>Unspecified</pose>
		<truncated>0</truncated>
		<difficult>0</difficult>
		<occluded>0</occluded>
		<bndbox>
			<xmin>455</xmin>
			<xmax>474</xmax>
			<ymin>197</ymin>
			<ymax>249</ymax>
		</bndbox>
	</object>
</annotation>
