<annotation>
	<folder></folder>
	<filename>8765_jpg.rf.0c41a62db786634d8e3880a094ce7a92.jpg</filename>
	<path>8765_jpg.rf.0c41a62db786634d8e3880a094ce7a92.jpg</path>
	<source>
		<database>roboflow.ai</database>
	</source>
	<size>
		<width>640</width>
		<height>480</height>
		<depth>3</depth>
	</size>
	<segmented>0</segmented>
	<object>
		<name>pedestrian</name>
		<pose>Unspecified</pose>
		<truncated>0</truncated>
		<difficult>0</difficult>
		<occluded>0</occluded>
		<bndbox>
			<xmin>491</xmin>
			<xmax>516</xmax>
			<ymin>186</ymin>
			<ymax>251</ymax>
		</bndbox>
	</object>
	<object>
		<name>pedestrian</name>
		<pose>Unspecified</pose>
		<truncated>0</truncated>
		<difficult>0</difficult>
		<occluded>0</occluded>
		<bndbox>
			<xmin>524</xmin>
			<xmax>551</xmax>
			<ymin>188</ymin>
			<ymax>251</ymax>
		</bndbox>
	</object>
</annotation>
