<annotation>
	<folder></folder>
	<filename>8794_jpg.rf.70409ed3d4012eb3ff2682204f862ee3.jpg</filename>
	<path>8794_jpg.rf.70409ed3d4012eb3ff2682204f862ee3.jpg</path>
	<source>
		<database>roboflow.ai</database>
	</source>
	<size>
		<width>640</width>
		<height>480</height>
		<depth>3</depth>
	</size>
	<segmented>0</segmented>
	<object>
		<name>pedestrian</name>
		<pose>Unspecified</pose>
		<truncated>0</truncated>
		<difficult>0</difficult>
		<occluded>0</occluded>
		<bndbox>
			<xmin>408</xmin>
			<xmax>427</xmax>
			<ymin>186</ymin>
			<ymax>238</ymax>
		</bndbox>
	</object>
	<object>
		<name>pedestrian</name>
		<pose>Unspecified</pose>
		<truncated>0</truncated>
		<difficult>0</difficult>
		<occluded>0</occluded>
		<bndbox>
			<xmin>623</xmin>
			<xmax>640</xmax>
			<ymin>201</ymin>
			<ymax>260</ymax>
		</bndbox>
	</object>
</annotation>
