<annotation>
	<folder></folder>
	<filename>5665_jpg.rf.66d61ea8bb531a6530b4720ca68b27dd.jpg</filename>
	<path>5665_jpg.rf.66d61ea8bb531a6530b4720ca68b27dd.jpg</path>
	<source>
		<database>roboflow.ai</database>
	</source>
	<size>
		<width>640</width>
		<height>480</height>
		<depth>3</depth>
	</size>
	<segmented>0</segmented>
	<object>
		<name>pedestrian</name>
		<pose>Unspecified</pose>
		<truncated>0</truncated>
		<difficult>0</difficult>
		<occluded>0</occluded>
		<bndbox>
			<xmin>390</xmin>
			<xmax>401</xmax>
			<ymin>216</ymin>
			<ymax>249</ymax>
		</bndbox>
	</object>
	<object>
		<name>pedestrian</name>
		<pose>Unspecified</pose>
		<truncated>0</truncated>
		<difficult>0</difficult>
		<occluded>0</occluded>
		<bndbox>
			<xmin>359</xmin>
			<xmax>370</xmax>
			<ymin>214</ymin>
			<ymax>244</ymax>
		</bndbox>
	</object>
</annotation>
