<annotation>
	<folder></folder>
	<filename>5704_jpg.rf.e782127f371e637350d09fc7cbdadc00.jpg</filename>
	<path>5704_jpg.rf.e782127f371e637350d09fc7cbdadc00.jpg</path>
	<source>
		<database>roboflow.ai</database>
	</source>
	<size>
		<width>640</width>
		<height>480</height>
		<depth>3</depth>
	</size>
	<segmented>0</segmented>
	<object>
		<name>pedestrian</name>
		<pose>Unspecified</pose>
		<truncated>0</truncated>
		<difficult>0</difficult>
		<occluded>0</occluded>
		<bndbox>
			<xmin>282</xmin>
			<xmax>304</xmax>
			<ymin>225</ymin>
			<ymax>275</ymax>
		</bndbox>
	</object>
	<object>
		<name>pedestrian</name>
		<pose>Unspecified</pose>
		<truncated>0</truncated>
		<difficult>0</difficult>
		<occluded>0</occluded>
		<bndbox>
			<xmin>369</xmin>
			<xmax>400</xmax>
			<ymin>222</ymin>
			<ymax>291</ymax>
		</bndbox>
	</object>
	<object>
		<name>pedestrian</name>
		<pose>Unspecified</pose>
		<truncated>0</truncated>
		<difficult>0</difficult>
		<occluded>0</occluded>
		<bndbox>
			<xmin>315</xmin>
			<xmax>332</xmax>
			<ymin>231</ymin>
			<ymax>253</ymax>
		</bndbox>
	</object>
</annotation>
